{"stats":{"minecraft:killed_by":{"minecraft:creeper":1,"minecraft:enderman":1,"minecraft:zombie":2},"minecraft:picked_up":{"minecraft:crafting_table":12,"minecraft:iron_chestplate":8,"minecraft:chicken":1,"minecraft:leather_leggings":1,"minecraft:lead":2,"minecraft:wooden_pickaxe":2,"minecraft:nether_brick":16,"minecraft:cornflower":1,"minecraft:string":15,"minecraft:iron_axe":2,"minecraft:wooden_sword":3,"minecraft:iron_leggings":10,"minecraft:blackstone":23,"minecraft:gold_nugget":130,"minecraft:smooth_stone":1,"minecraft:beef":35,"minecraft:poppy":14,"minecraft:iron_pickaxe":5,"minecraft:chest":5,"minecraft:furnace":2,"minecraft:piston":1,"minecraft:iron_boots":5,"minecraft:stick":13,"minecraft:raw_iron":19,"minecraft:oak_door":2,"minecraft:oak_fence":2,"minecraft:fire_charge":1,"minecraft:porkchop":10,"minecraft:carrot":9,"minecraft:arrow":13,"minecraft:rotten_flesh":25,"minecraft:hay_block":35,"minecraft:saddle":1,"minecraft:gold_ingot":7,"minecraft:cobblestone":113,"minecraft:oxeye_daisy":1,"minecraft:leather_chestplate":2,"minecraft:feather":7,"minecraft:cooked_beef":12,"minecraft:leather":21,"minecraft:potato":12,"minecraft:filled_map":1,"minecraft:flint":1,"minecraft:tuff":7,"minecraft:oak_log":16,"minecraft:gunpowder":15,"minecraft:cobblestone_stairs":3,"minecraft:dirt":17,"minecraft:leather_boots":4,"minecraft:glass":41,"minecraft:bone":29,"minecraft:apple":18,"minecraft:stone_bricks":4,"minecraft:wheat_seeds":54,"minecraft:stone_pickaxe":4,"minecraft:iron_ingot":30,"minecraft:cooked_chicken":4,"minecraft:iron_sword":5,"minecraft:oak_planks":44,"minecraft:soul_sand":4,"minecraft:cooked_porkchop":16,"minecraft:quartz":5,"minecraft:gravel":35,"minecraft:sand":45,"minecraft:white_bed":5,"minecraft:spider_eye":1,"minecraft:leather_helmet":1,"minecraft:diamond":1,"minecraft:iron_helmet":5,"minecraft:bread":240,"minecraft:baked_potato":25,"minecraft:oak_sapling":1,"minecraft:netherrack":156,"minecraft:coal":82},"minecraft:killed":{"minecraft:spider":3,"minecraft:skeleton":3,"minecraft:chicken":1,"minecraft:pig":7,"minecraft:iron_golem":1,"minecraft:creeper":1,"minecraft:trader_llama":2,"minecraft:zombie":18,"minecraft:villager":4,"minecraft:enderman":1,"minecraft:cow":5},"minecraft:mined":{"minecraft:nether_gold_ore":32,"minecraft:tuff":2,"minecraft:white_bed":5,"minecraft:oak_door":2,"minecraft:cobblestone_stairs":3,"minecraft:grass_block":2,"minecraft:hay_block":35,"minecraft:smooth_stone":1,"minecraft:furnace":2,"minecraft:carrots":9,"minecraft:potatoes":1,"minecraft:stone":63,"minecraft:soul_sand":2,"minecraft:oak_fence":2,"minecraft:crafting_table":8,"minecraft:short_grass":14,"minecraft:poppy":2,"minecraft:chest":5,"minecraft:nether_quartz_ore":5,"minecraft:tall_grass":6,"minecraft:cobblestone":24,"minecraft:oak_planks":4,"minecraft:wheat":15,"minecraft:oak_log":16,"minecraft:coal_ore":34,"minecraft:gravel":2,"minecraft:sand":45,"minecraft:dirt":15,"minecraft:netherrack":151,"minecraft:oak_leaves":1},"minecraft:crafted":{"minecraft:wooden_sword":1,"minecraft:oak_planks":64,"minecraft:cooked_chicken":1,"minecraft:bone_meal":30,"minecraft:iron_axe":1,"minecraft:stone_pickaxe":1,"minecraft:chest":2,"minecraft:golden_boots":1,"minecraft:wheat":315,"minecraft:cooked_beef":6,"minecraft:cooked_porkchop":4,"minecraft:crafting_table":2,"minecraft:wooden_pickaxe":1,"minecraft:baked_potato":7,"minecraft:iron_sword":1,"minecraft:bread":105,"minecraft:wooden_hoe":1,"minecraft:stick":16,"minecraft:iron_pickaxe":1,"minecraft:wooden_axe":1,"minecraft:gold_ingot":15},"minecraft:custom":{"minecraft:mob_kills":47,"minecraft:interact_with_crafting_table":19,"minecraft:bell_ring":1,"minecraft:leave_game":5,"minecraft:time_since_death":113528,"minecraft:climb_one_cm":7194,"minecraft:sprint_one_cm":650718,"minecraft:walk_one_cm":405587,"minecraft:drop":94,"minecraft:talked_to_villager":4,"minecraft:play_time":241208,"minecraft:deaths":4,"minecraft:sneak_time":12118,"minecraft:walk_under_water_one_cm":9636,"minecraft:jump":5231,"minecraft:walk_on_water_one_cm":20774,"minecraft:total_world_time":241208,"minecraft:interact_with_furnace":21,"minecraft:sleep_in_bed":15,"minecraft:time_since_rest":7042,"minecraft:damage_taken":4643,"minecraft:damage_dealt":9292,"minecraft:swim_one_cm":49158,"minecraft:fly_one_cm":848353,"minecraft:open_chest":29,"minecraft:crouch_one_cm":20475,"minecraft:fall_one_cm":147441,"minecraft:horse_one_cm":28888},"minecraft:dropped":{"minecraft:bread":76,"minecraft:piston":1,"minecraft:wheat_seeds":24,"minecraft:crafting_table":2,"minecraft:leather_helmet":1,"minecraft:stick":1,"minecraft:cobblestone_stairs":3,"minecraft:oxeye_daisy":1,"minecraft:dirt":12,"minecraft:cornflower":1,"minecraft:wooden_sword":1,"minecraft:gold_nugget":13,"minecraft:sand":1,"minecraft:string":3,"minecraft:gold_ingot":18,"minecraft:gravel":33,"minecraft:blackstone":23,"minecraft:rotten_flesh":23,"minecraft:poppy":14,"minecraft:leather_chestplate":1,"minecraft:potato":11,"minecraft:leather_boots":1,"minecraft:chest":3,"minecraft:oak_sapling":5,"minecraft:spider_eye":1,"minecraft:glass":41},"minecraft:broken":{"minecraft:wooden_pickaxe":1,"minecraft:wooden_axe":1},"minecraft:used":{"minecraft:oak_fence":2,"minecraft:chest":4,"minecraft:iron_sword":8,"minecraft:netherrack":79,"minecraft:iron_chestplate":1,"minecraft:soul_sand":2,"minecraft:dirt":4,"minecraft:carrot":2,"minecraft:tuff":2,"minecraft:wooden_axe":35,"minecraft:iron_axe":93,"minecraft:iron_helmet":2,"minecraft:stone_bricks":1,"minecraft:beef":1,"minecraft:furnace":2,"minecraft:cooked_beef":6,"minecraft:iron_leggings":2,"minecraft:stone_pickaxe":67,"minecraft:baked_potato":7,"minecraft:oak_planks":4,"minecraft:wooden_pickaxe":59,"minecraft:leather_boots":1,"minecraft:sand":3,"minecraft:crafting_table":9,"minecraft:white_bed":2,"minecraft:wooden_hoe":26,"minecraft:apple":9,"minecraft:bread":69,"minecraft:iron_pickaxe":206,"minecraft:leather_helmet":1,"minecraft:gravel":1,"minecraft:wooden_sword":53,"minecraft:cobblestone":85}},"DataVersion":3839}