{"stats":{"minecraft:custom":{"minecraft:interact_with_crafting_table":67,"minecraft:bell_ring":4,"minecraft:leave_game":13,"minecraft:time_since_death":8188,"minecraft:sprint_one_cm":1626000,"minecraft:damage_blocked_by_shield":5060,"minecraft:drop":193,"minecraft:talked_to_villager":4,"minecraft:play_time":695405,"minecraft:deaths":20,"minecraft:jump":14170,"minecraft:walk_on_water_one_cm":152032,"minecraft:interact_with_furnace":29,"minecraft:sleep_in_bed":36,"minecraft:damage_dealt":19646,"minecraft:crouch_one_cm":49227,"minecraft:horse_one_cm":191154,"minecraft:mob_kills":98,"minecraft:inspect_hopper":1,"minecraft:climb_one_cm":17565,"minecraft:walk_one_cm":1684252,"minecraft:sneak_time":26422,"minecraft:walk_under_water_one_cm":87487,"minecraft:total_world_time":695405,"minecraft:time_since_rest":398,"minecraft:damage_taken":12871,"minecraft:swim_one_cm":145856,"minecraft:fly_one_cm":1759528,"minecraft:open_chest":82,"minecraft:fall_one_cm":333909},"minecraft:mined":{"minecraft:white_bed":19,"minecraft:cobblestone_stairs":3,"minecraft:grass_block":203,"minecraft:smooth_stone":1,"minecraft:magma_block":19,"minecraft:iron_ore":3,"minecraft:cobbled_deepslate":9,"minecraft:deepslate_lapis_ore":8,"minecraft:deepslate_redstone_ore":19,"minecraft:crimson_nylium":3,"minecraft:torch":1,"minecraft:poppy":2,"minecraft:chest":5,"minecraft:glass":1,"minecraft:nether_quartz_ore":5,"minecraft:cobblestone":36,"minecraft:oak_planks":12,"minecraft:nether_wart_block":3,"minecraft:birch_log":6,"minecraft:wheat":300,"minecraft:oak_log":39,"minecraft:sand":45,"minecraft:dirt":106,"minecraft:netherrack":539,"minecraft:oak_leaves":49,"minecraft:deepslate":18,"minecraft:nether_gold_ore":84,"minecraft:tuff":2,"minecraft:deepslate_diamond_ore":24,"minecraft:oak_door":2,"minecraft:spruce_leaves":1,"minecraft:hay_block":35,"minecraft:furnace":4,"minecraft:carrots":9,"minecraft:snow":16,"minecraft:andesite":25,"minecraft:potatoes":1,"minecraft:stone":249,"minecraft:redstone_block":1,"minecraft:glass_pane":2,"minecraft:soul_sand":2,"minecraft:snow_block":51,"minecraft:oak_fence":4,"minecraft:crafting_table":31,"minecraft:short_grass":163,"minecraft:tall_grass":30,"minecraft:copper_ore":5,"minecraft:deepslate_gold_ore":7,"minecraft:diorite":12,"minecraft:coal_ore":78,"minecraft:gravel":4,"minecraft:stone_bricks":3},"minecraft:dropped":{"minecraft:piston":1,"minecraft:porkchop":5,"minecraft:oak_log":1,"minecraft:crafting_table":3,"minecraft:crossbow":1,"minecraft:leather":13,"minecraft:leather_helmet":1,"minecraft:cobblestone_stairs":3,"minecraft:dirt":264,"minecraft:cornflower":1,"minecraft:crimson_roots":1,"minecraft:snowball":48,"minecraft:gold_nugget":73,"minecraft:wooden_sword":1,"minecraft:bone_meal":18,"minecraft:sand":1,"minecraft:iron_pickaxe":1,"minecraft:white_wool":1,"minecraft:bone":4,"minecraft:gold_ingot":35,"minecraft:gravel":62,"minecraft:blackstone":23,"minecraft:golden_chestplate":1,"minecraft:wheat":1,"minecraft:rotten_flesh":30,"minecraft:oak_planks":38,"minecraft:azure_bluet":1,"minecraft:poppy":22,"minecraft:leather_chestplate":1,"minecraft:gunpowder":3,"minecraft:leather_boots":1,"minecraft:chest":3,"minecraft:beef":6,"minecraft:glass":41,"minecraft:quartz":5,"minecraft:netherrack":7,"minecraft:egg":3,"minecraft:iron_ingot":50,"minecraft:golden_boots":1,"minecraft:stone_hoe":1,"minecraft:bread":81,"minecraft:oak_slab":34,"minecraft:wheat_seeds":51,"minecraft:golden_helmet":1,"minecraft:feather":1,"minecraft:iron_helmet":2,"minecraft:cobblestone":61,"minecraft:coal":50,"minecraft:stick":13,"minecraft:oxeye_daisy":1,"minecraft:diorite":12,"minecraft:smooth_stone":1,"minecraft:iron_shovel":1,"minecraft:string":3,"minecraft:dandelion":1,"minecraft:raw_copper":17,"minecraft:white_carpet":6,"minecraft:iron_boots":2,"minecraft:potato":11,"minecraft:diamond_chestplate":1,"minecraft:yellow_bed":2,"minecraft:oak_sapling":5,"minecraft:spider_eye":2,"minecraft:magma_block":1},"minecraft:used":{"minecraft:iron_shovel":329,"minecraft:poppy":45,"minecraft:chest":8,"minecraft:shield":123,"minecraft:iron_sword":87,"minecraft:rotten_flesh":10,"minecraft:iron_chestplate":2,"minecraft:soul_sand":2,"minecraft:carrot":22,"minecraft:tuff":2,"minecraft:snowball":56,"minecraft:lava_bucket":2,"minecraft:grass_block":1,"minecraft:iron_helmet":4,"minecraft:stone_bricks":4,"minecraft:furnace":4,"minecraft:oak_sapling":2,"minecraft:egg":1,"minecraft:potato":1,"minecraft:golden_boots":3,"minecraft:stone_pickaxe":69,"minecraft:oak_planks":9,"minecraft:blackstone":2,"minecraft:ender_pearl":1,"minecraft:wooden_pickaxe":59,"minecraft:sand":3,"minecraft:crossbow":3,"minecraft:crying_obsidian":1,"minecraft:bread":125,"minecraft:gravel":1,"minecraft:wooden_sword":53,"minecraft:bone_meal":18,"minecraft:oak_fence":4,"minecraft:cooked_chicken":3,"minecraft:netherrack":514,"minecraft:torch":57,"minecraft:dirt":120,"minecraft:iron_hoe":307,"minecraft:wooden_axe":35,"minecraft:iron_axe":284,"minecraft:iron_boots":2,"minecraft:beef":5,"minecraft:cooked_beef":9,"minecraft:cobbled_deepslate":32,"minecraft:powder_snow_bucket":2,"minecraft:iron_leggings":5,"minecraft:wheat_seeds":568,"minecraft:cooked_mutton":6,"minecraft:water_bucket":301,"minecraft:birch_planks":4,"minecraft:baked_potato":7,"minecraft:leather_boots":1,"minecraft:crafting_table":32,"minecraft:white_bed":16,"minecraft:oak_log":4,"minecraft:wooden_hoe":131,"minecraft:apple":10,"minecraft:chicken":1,"minecraft:iron_pickaxe":1061,"minecraft:leather_helmet":1,"minecraft:cobblestone":216,"minecraft:cooked_porkchop":6,"minecraft:porkchop":1,"minecraft:bucket":314},"minecraft:crafted":{"minecraft:oak_planks":140,"minecraft:cooked_chicken":1,"minecraft:cooked_mutton":3,"minecraft:iron_boots":3,"minecraft:polished_blackstone":24,"minecraft:chest":6,"minecraft:golden_boots":1,"minecraft:cooked_porkchop":4,"minecraft:crafting_table":2,"minecraft:iron_helmet":2,"minecraft:wooden_pickaxe":1,"minecraft:baked_potato":7,"minecraft:birch_planks":4,"minecraft:wooden_hoe":2,"minecraft:iron_chestplate":1,"minecraft:shield":3,"minecraft:stick":82,"minecraft:iron_pickaxe":5,"minecraft:gold_ingot":37,"minecraft:wooden_sword":1,"minecraft:furnace":1,"minecraft:bone_meal":42,"minecraft:iron_axe":2,"minecraft:iron_hoe":1,"minecraft:stone_pickaxe":2,"minecraft:wheat":315,"minecraft:cooked_beef":9,"minecraft:iron_sword":1,"minecraft:bucket":16,"minecraft:bread":166,"minecraft:wooden_axe":1,"minecraft:iron_shovel":4,"minecraft:iron_leggings":1,"minecraft:torch":56},"minecraft:picked_up":{"minecraft:iron_chestplate":20,"minecraft:wheat":213,"minecraft:redstone_block":4,"minecraft:lead":2,"minecraft:nether_brick":107,"minecraft:string":21,"minecraft:raw_copper":51,"minecraft:iron_leggings":21,"minecraft:cobbled_deepslate":51,"minecraft:gold_nugget":706,"minecraft:smooth_stone":1,"minecraft:bucket":1,"minecraft:iron_pickaxe":18,"minecraft:furnace":5,"minecraft:iron_boots":6,"minecraft:golden_helmet":1,"minecraft:stick":183,"minecraft:oak_fence":4,"minecraft:torch":83,"minecraft:porkchop":13,"minecraft:diorite":12,"minecraft:golden_chestplate":1,"minecraft:rotten_flesh":43,"minecraft:obsidian":5,"minecraft:snowball":65,"minecraft:cobblestone":662,"minecraft:birch_log":6,"minecraft:magma_block":77,"minecraft:leather_chestplate":2,"minecraft:feather":8,"minecraft:cooked_beef":12,"minecraft:water_bucket":13,"minecraft:andesite":25,"minecraft:potato":12,"minecraft:flint":1,"minecraft:tuff":7,"minecraft:lapis_lazuli":106,"minecraft:dirt":1600,"minecraft:leather_boots":4,"minecraft:glass":41,"minecraft:bone":41,"minecraft:wheat_seeds":1090,"minecraft:raw_gold":11,"minecraft:stone_hoe":1,"minecraft:oak_planks":89,"minecraft:cooked_porkchop":18,"minecraft:sand":45,"minecraft:grass_block":1,"minecraft:spectral_arrow":131,"minecraft:iron_hoe":3,"minecraft:diamond":34,"minecraft:crossbow":10,"minecraft:bone_meal":12,"minecraft:bread":240,"minecraft:chainmail_helmet":7,"minecraft:oak_sapling":7,"minecraft:netherrack":1692,"minecraft:crimson_roots":3,"minecraft:crafting_table":48,"minecraft:azure_bluet":2,"minecraft:chicken":5,"minecraft:leather_leggings":1,"minecraft:wooden_pickaxe":2,"minecraft:shield":9,"minecraft:cornflower":1,"minecraft:wooden_sword":3,"minecraft:iron_axe":15,"minecraft:white_carpet":6,"minecraft:iron_shovel":3,"minecraft:blackstone":65,"minecraft:beef":38,"minecraft:poppy":29,"minecraft:chest":5,"minecraft:piston":1,"minecraft:egg":8,"minecraft:raw_iron":22,"minecraft:oak_door":6,"minecraft:fire_charge":6,"minecraft:carrot":42,"minecraft:redstone":176,"minecraft:arrow":33,"minecraft:diamond_chestplate":1,"minecraft:hay_block":35,"minecraft:saddle":1,"minecraft:gold_ingot":10,"minecraft:polished_blackstone":48,"minecraft:mutton":3,"minecraft:white_wool":5,"minecraft:oxeye_daisy":1,"minecraft:leather":21,"minecraft:filled_map":1,"minecraft:oak_log":43,"minecraft:golden_boots":13,"minecraft:yellow_bed":2,"minecraft:nether_wart_block":15,"minecraft:gunpowder":18,"minecraft:cobblestone_stairs":3,"minecraft:wooden_hoe":5,"minecraft:cooked_mutton":3,"minecraft:apple":20,"minecraft:stone_bricks":7,"minecraft:iron_ingot":922,"minecraft:stone_pickaxe":6,"minecraft:cooked_chicken":6,"minecraft:iron_sword":20,"minecraft:soul_sand":4,"minecraft:oak_slab":34,"minecraft:quartz":10,"minecraft:dandelion":2,"minecraft:gravel":276,"minecraft:white_bed":19,"minecraft:crying_obsidian":21,"minecraft:spider_eye":2,"minecraft:leather_helmet":1,"minecraft:iron_helmet":20,"minecraft:baked_potato":25,"minecraft:coal":308,"minecraft:ender_pearl":4},"minecraft:killed_by":{"minecraft:creeper":3,"minecraft:piglin":2,"minecraft:zombie":3,"minecraft:enderman":1,"minecraft:hoglin":1,"minecraft:skeleton":5},"minecraft:broken":{"minecraft:golden_boots":1,"minecraft:iron_chestplate":1,"minecraft:wooden_axe":1,"minecraft:wooden_pickaxe":1,"minecraft:shield":2,"minecraft:iron_axe":1,"minecraft:iron_pickaxe":4,"minecraft:iron_helmet":1,"minecraft:wooden_hoe":1},"minecraft:killed":{"minecraft:spider":8,"minecraft:skeleton":8,"minecraft:chicken":2,"minecraft:pig":8,"minecraft:iron_golem":3,"minecraft:creeper":4,"minecraft:sheep":1,"minecraft:trader_llama":2,"minecraft:zombie":46,"minecraft:cow":7,"minecraft:villager":4,"minecraft:enderman":3}},"DataVersion":3839}