{"stats":{"minecraft:killed_by":{"minecraft:creeper":3,"minecraft:drowned":1,"minecraft:piglin":2,"minecraft:zombie":7,"minecraft:enderman":2,"minecraft:skeleton":10},"minecraft:mined":{"minecraft:white_bed":5,"minecraft:farmland":2,"minecraft:cobblestone_stairs":1,"minecraft:brewing_stand":2,"minecraft:obsidian":3,"minecraft:grass_block":1097,"minecraft:stone_brick_wall":3,"minecraft:composter":7,"minecraft:hopper":1,"minecraft:oak_wall_sign":1,"minecraft:spawner":1,"minecraft:weeping_vines_plant":1,"minecraft:iron_ore":15,"minecraft:fire":3,"minecraft:deepslate_lapis_ore":2,"minecraft:oak_sign":2,"minecraft:water_cauldron":8,"minecraft:dirt_path":44,"minecraft:deepslate_redstone_ore":12,"minecraft:blackstone":4,"minecraft:crimson_nylium":3,"minecraft:powder_snow":22,"minecraft:torch":1,"minecraft:poppy":4,"minecraft:chest":1,"minecraft:mushroom_stem":9,"minecraft:nether_quartz_ore":2,"minecraft:glass":24,"minecraft:cobblestone":198,"minecraft:grindstone":2,"minecraft:oak_planks":27,"minecraft:wall_torch":1,"minecraft:white_terracotta":1,"minecraft:nether_wart_block":1,"minecraft:yellow_wool":6,"minecraft:wheat":25,"minecraft:oak_log":115,"minecraft:beetroots":1,"minecraft:sand":374,"minecraft:dirt":1077,"minecraft:red_mushroom_block":7,"minecraft:netherrack":415,"minecraft:piston":2,"minecraft:oak_leaves":15,"minecraft:deepslate":44,"minecraft:nether_gold_ore":14,"minecraft:tuff":7,"minecraft:mossy_cobblestone":2,"minecraft:deepslate_diamond_ore":65,"minecraft:dark_oak_log":10,"minecraft:ladder":1,"minecraft:redstone_wire":1,"minecraft:brown_mushroom_block":2,"minecraft:cartography_table":1,"minecraft:hay_block":13,"minecraft:oak_trapdoor":4,"minecraft:carrots":220,"minecraft:snow":21,"minecraft:andesite":17,"minecraft:potatoes":30,"minecraft:deepslate_iron_ore":5,"minecraft:shroomlight":1,"minecraft:stripped_oak_log":2,"minecraft:stone":1085,"minecraft:white_wool":2,"minecraft:oak_slab":1,"minecraft:glass_pane":3,"minecraft:snow_block":98,"minecraft:stone_brick_slab":2,"minecraft:dandelion":1,"minecraft:crafting_table":14,"minecraft:short_grass":140,"minecraft:copper_ore":4,"minecraft:tall_grass":30,"minecraft:deepslate_gold_ore":8,"minecraft:white_carpet":1,"minecraft:bee_nest":2,"minecraft:yellow_bed":12,"minecraft:coal_ore":62,"minecraft:gravel":17,"minecraft:stone_bricks":57,"minecraft:iron_trapdoor":1},"minecraft:custom":{"minecraft:interact_with_crafting_table":134,"minecraft:bell_ring":31,"minecraft:leave_game":38,"minecraft:time_since_death":909,"minecraft:sprint_one_cm":2143026,"minecraft:damage_blocked_by_shield":4799,"minecraft:drop":420,"minecraft:talked_to_villager":28,"minecraft:play_time":875201,"minecraft:deaths":34,"minecraft:jump":21937,"minecraft:walk_on_water_one_cm":122785,"minecraft:interact_with_furnace":171,"minecraft:sleep_in_bed":35,"minecraft:damage_dealt":45525,"minecraft:crouch_one_cm":168026,"minecraft:mob_kills":223,"minecraft:inspect_hopper":6,"minecraft:climb_one_cm":34494,"minecraft:walk_one_cm":2343033,"minecraft:sneak_time":52427,"minecraft:walk_under_water_one_cm":38044,"minecraft:boat_one_cm":78738,"minecraft:total_world_time":875201,"minecraft:time_since_rest":951,"minecraft:damage_taken":16772,"minecraft:swim_one_cm":56085,"minecraft:fly_one_cm":3560154,"minecraft:open_chest":71,"minecraft:fish_caught":3,"minecraft:fall_one_cm":639992},"minecraft:dropped":{"minecraft:iron_sword":3,"minecraft:soul_sand":14,"minecraft:porkchop":4,"minecraft:lapis_lazuli":8,"minecraft:cooked_beef":2,"minecraft:diamond":1,"minecraft:crafting_table":2,"minecraft:cooked_porkchop":2,"minecraft:crossbow":2,"minecraft:leather":5,"minecraft:saddle":1,"minecraft:leather_helmet":1,"minecraft:red_mushroom":3,"minecraft:cod":1,"minecraft:flint":1,"minecraft:cobblestone_stairs":1,"minecraft:dirt":86,"minecraft:cornflower":2,"minecraft:gold_nugget":10,"minecraft:iron_pickaxe":1,"minecraft:fishing_rod":3,"minecraft:bone":13,"minecraft:gold_ingot":40,"minecraft:gravel":77,"minecraft:blackstone":36,"minecraft:cooked_chicken":2,"minecraft:cobbled_deepslate":2,"minecraft:nether_brick":23,"minecraft:beetroot":1,"minecraft:rotten_flesh":22,"minecraft:grindstone":1,"minecraft:oak_planks":2,"minecraft:cooked_mutton":3,"minecraft:azure_bluet":3,"minecraft:white_bed":4,"minecraft:salmon":2,"minecraft:carrot":261,"minecraft:poppy":18,"minecraft:leather_chestplate":1,"minecraft:gunpowder":2,"minecraft:beetroot_seeds":1,"minecraft:stone_brick_wall":4,"minecraft:leather_boots":2,"minecraft:ladder":16,"minecraft:leather_leggings":1,"minecraft:arrow":21,"minecraft:beef":5,"minecraft:glass":1,"minecraft:quartz":2,"minecraft:egg":1,"minecraft:golden_boots":1,"minecraft:iron_ingot":7,"minecraft:bread":21,"minecraft:oak_slab":5,"minecraft:wheat_seeds":157,"minecraft:mossy_cobblestone":2,"minecraft:diamond_leggings":1,"minecraft:iron_helmet":2,"minecraft:oak_fence":3,"minecraft:feather":10,"minecraft:cobblestone":10,"minecraft:chainmail_helmet":2,"minecraft:grass_block":2,"minecraft:stick":21,"minecraft:brewing_stand":2,"minecraft:torch":1,"minecraft:nether_wart_block":1,"minecraft:map":3,"minecraft:iron_leggings":2,"minecraft:red_dye":2,"minecraft:iron_shovel":1,"minecraft:paper":5,"minecraft:string":11,"minecraft:dandelion":13,"minecraft:stone_brick_slab":6,"minecraft:oak_trapdoor":1,"minecraft:raw_copper":7,"minecraft:tuff":2,"minecraft:raw_iron":19,"minecraft:white_carpet":4,"minecraft:iron_boots":1,"minecraft:white_terracotta":2,"minecraft:filled_map":1,"minecraft:potato":8,"minecraft:stone":3,"minecraft:diamond_chestplate":1,"minecraft:iron_chestplate":2,"minecraft:andesite":10,"minecraft:oak_sapling":5,"minecraft:oak_boat":1,"minecraft:redstone_torch":2,"minecraft:spider_eye":2,"minecraft:stone_bricks":64,"minecraft:diamond_boots":1,"minecraft:bow":2},"minecraft:broken":{"minecraft:iron_shovel":9,"minecraft:diamond_helmet":1,"minecraft:diamond_pickaxe":1,"minecraft:iron_sword":1,"minecraft:iron_hoe":2,"minecraft:stone_hoe":2,"minecraft:shield":1,"minecraft:iron_pickaxe":1},"minecraft:used":{"minecraft:iron_shovel":2569,"minecraft:oak_sign":11,"minecraft:ladder":21,"minecraft:chest":5,"minecraft:shield":60,"minecraft:stone":1,"minecraft:iron_sword":570,"minecraft:rotten_flesh":56,"minecraft:mutton":16,"minecraft:carrot":528,"minecraft:tuff":3,"minecraft:snowball":181,"minecraft:milk_bucket":1,"minecraft:obsidian":10,"minecraft:glass":405,"minecraft:lava_bucket":1,"minecraft:grass_block":1,"minecraft:stone_bricks":218,"minecraft:repeater":4,"minecraft:bow":19,"minecraft:furnace":4,"minecraft:egg":5,"minecraft:potato":39,"minecraft:leather_leggings":1,"minecraft:diamond_boots":2,"minecraft:oak_planks":96,"minecraft:blackstone":4,"minecraft:leather_chestplate":1,"minecraft:composter":13,"minecraft:redstone_block":1,"minecraft:sand":1,"minecraft:crossbow":15,"minecraft:stone_brick_wall":29,"minecraft:redstone_torch":1,"minecraft:bread":89,"minecraft:gravel":11,"minecraft:diamond_sword":227,"minecraft:fire_charge":2,"minecraft:andesite":7,"minecraft:oak_boat":14,"minecraft:bone_meal":69,"minecraft:oak_trapdoor":17,"minecraft:flint_and_steel":2,"minecraft:redstone":3,"minecraft:cooked_chicken":5,"minecraft:stone_hoe":261,"minecraft:netherrack":262,"minecraft:torch":25,"minecraft:dirt":2187,"minecraft:white_carpet":2,"minecraft:hopper":11,"minecraft:diamond_helmet":3,"minecraft:oak_fence_gate":1,"minecraft:iron_hoe":558,"minecraft:stone_brick_slab":32,"minecraft:dark_oak_planks":6,"minecraft:iron_axe":168,"minecraft:diamond_chestplate":2,"minecraft:beef":6,"minecraft:iron_trapdoor":9,"minecraft:cooked_beef":8,"minecraft:cobbled_deepslate":45,"minecraft:wheat_seeds":1,"minecraft:water_bucket":257,"minecraft:oak_slab":8,"minecraft:crafting_table":19,"minecraft:red_bed":3,"minecraft:white_bed":2,"minecraft:piston":3,"minecraft:diamond_pickaxe":1504,"minecraft:apple":14,"minecraft:chicken":1,"minecraft:iron_pickaxe":684,"minecraft:map":1,"minecraft:fishing_rod":6,"minecraft:cobblestone":265,"minecraft:porkchop":14,"minecraft:cooked_porkchop":12,"minecraft:bucket":261,"minecraft:yellow_bed":10,"minecraft:diamond_leggings":2},"minecraft:picked_up":{"minecraft:iron_chestplate":1,"minecraft:wheat":30,"minecraft:yellow_wool":6,"minecraft:diamond_sword":3,"minecraft:nether_brick":71,"minecraft:brewing_stand":14,"minecraft:string":26,"minecraft:raw_copper":21,"minecraft:iron_leggings":1,"minecraft:shroomlight":9,"minecraft:oak_sign":56,"minecraft:beetroot":1,"minecraft:diamond_leggings":24,"minecraft:gold_nugget":152,"minecraft:cobbled_deepslate":68,"minecraft:bucket":7,"minecraft:red_dye":2,"minecraft:redstone_torch":11,"minecraft:iron_pickaxe":4,"minecraft:iron_boots":1,"minecraft:stick":108,"minecraft:composter":7,"minecraft:oak_fence":3,"minecraft:torch":25,"minecraft:porkchop":40,"minecraft:cauldron":104,"minecraft:rotten_flesh":120,"minecraft:white_terracotta":2,"minecraft:obsidian":28,"minecraft:cod":1,"minecraft:snowball":192,"minecraft:cobblestone":4063,"minecraft:feather":10,"minecraft:cooked_beef":7,"minecraft:water_bucket":25,"minecraft:andesite":17,"minecraft:potato":100,"minecraft:flint":2,"minecraft:tuff":5,"minecraft:lapis_lazuli":88,"minecraft:dirt":4029,"minecraft:glass":1105,"minecraft:bone":51,"minecraft:bow":12,"minecraft:wheat_seeds":420,"minecraft:raw_gold":8,"minecraft:grindstone":5,"minecraft:diamond_helmet":20,"minecraft:stone_hoe":8,"minecraft:oak_planks":170,"minecraft:cooked_porkchop":4,"minecraft:sand":373,"minecraft:grass_block":8,"minecraft:spectral_arrow":22,"minecraft:dark_oak_log":10,"minecraft:mossy_cobblestone":2,"minecraft:iron_hoe":4,"minecraft:diamond":65,"minecraft:crossbow":8,"minecraft:bone_meal":30,"minecraft:chainmail_helmet":2,"minecraft:bread":47,"minecraft:oak_sapling":1,"minecraft:netherrack":1882,"minecraft:diamond_pickaxe":22,"minecraft:fishing_rod":15,"minecraft:crafting_table":24,"minecraft:azure_bluet":4,"minecraft:chicken":8,"minecraft:ladder":267,"minecraft:stone_brick_wall":191,"minecraft:shield":4,"minecraft:cornflower":3,"minecraft:oak_trapdoor":13,"minecraft:iron_axe":11,"minecraft:flint_and_steel":12,"minecraft:compass":12,"minecraft:white_carpet":5,"minecraft:iron_shovel":10,"minecraft:blackstone":184,"minecraft:beef":25,"minecraft:oak_boat":29,"minecraft:poppy":25,"minecraft:light_gray_wool":1,"minecraft:chest":7,"minecraft:piston":2,"minecraft:egg":21,"minecraft:raw_iron":20,"minecraft:stone":17,"minecraft:fire_charge":12,"minecraft:carrot":1010,"minecraft:redstone":572,"minecraft:arrow":58,"minecraft:diamond_chestplate":24,"minecraft:beetroot_seeds":1,"minecraft:diamond_boots":25,"minecraft:hay_block":13,"minecraft:gold_ingot":23,"minecraft:mutton":25,"minecraft:white_wool":32,"minecraft:stripped_oak_log":2,"minecraft:glow_ink_sac":4,"minecraft:salmon":4,"minecraft:leather":24,"minecraft:red_mushroom":3,"minecraft:oak_log":115,"minecraft:yellow_bed":44,"minecraft:golden_boots":21,"minecraft:nether_wart_block":1,"minecraft:gunpowder":9,"minecraft:cobblestone_stairs":4,"minecraft:paper":30,"minecraft:white_banner":1,"minecraft:apple":4,"minecraft:stone_bricks":463,"minecraft:iron_ingot":431,"minecraft:cooked_chicken":2,"minecraft:iron_sword":16,"minecraft:soul_sand":98,"minecraft:oak_slab":137,"minecraft:stone_brick_slab":20,"minecraft:quartz":12,"minecraft:dandelion":21,"minecraft:gravel":248,"minecraft:lava_bucket":6,"minecraft:white_bed":15,"minecraft:spider_eye":11,"minecraft:iron_helmet":3,"minecraft:black_wool":1,"minecraft:coal":138,"minecraft:hopper":5},"minecraft:killed":{"minecraft:zombified_piglin":1,"minecraft:spider":19,"minecraft:skeleton":30,"minecraft:chicken":8,"minecraft:piglin":8,"minecraft:pig":12,"minecraft:zombie_villager":2,"minecraft:iron_golem":10,"minecraft:creeper":9,"minecraft:sheep":15,"minecraft:pillager":8,"minecraft:goat":1,"minecraft:zombie":85,"minecraft:cow":6,"minecraft:drowned":1,"minecraft:hoglin":3,"minecraft:enderman":1},"minecraft:crafted":{"minecraft:oak_planks":468,"minecraft:oak_sign":9,"minecraft:cooked_chicken":7,"minecraft:stone":247,"minecraft:cooked_mutton":3,"minecraft:glass":372,"minecraft:hopper":11,"minecraft:stone_brick_slab":36,"minecraft:diamond_helmet":1,"minecraft:repeater":4,"minecraft:diamond_leggings":1,"minecraft:iron_boots":2,"minecraft:chest":12,"minecraft:stone_hoe":2,"minecraft:stone_bricks":232,"minecraft:golden_boots":1,"minecraft:oak_slab":54,"minecraft:cooked_porkchop":14,"minecraft:crafting_table":5,"minecraft:iron_helmet":1,"minecraft:iron_chestplate":2,"minecraft:diamond_pickaxe":1,"minecraft:shield":3,"minecraft:stick":252,"minecraft:iron_ingot":20,"minecraft:iron_pickaxe":4,"minecraft:gold_ingot":18,"minecraft:redstone_torch":10,"minecraft:composter":6,"minecraft:stone_brick_wall":30,"minecraft:fishing_rod":1,"minecraft:furnace":4,"minecraft:piston":1,"minecraft:yellow_bed":2,"minecraft:bone_meal":51,"minecraft:white_carpet":3,"minecraft:oak_trapdoor":14,"minecraft:flint_and_steel":1,"minecraft:iron_axe":2,"minecraft:ladder":60,"minecraft:iron_hoe":3,"minecraft:diamond_boots":1,"minecraft:redstone_block":1,"minecraft:dark_oak_planks":40,"minecraft:wheat":117,"minecraft:cooked_beef":8,"minecraft:red_dye":3,"minecraft:diamond_sword":1,"minecraft:iron_trapdoor":8,"minecraft:iron_sword":3,"minecraft:red_bed":3,"minecraft:leather_helmet":1,"minecraft:bucket":3,"minecraft:air":0,"minecraft:bread":39,"minecraft:oak_fence_gate":1,"minecraft:oak_boat":3,"minecraft:iron_shovel":11,"minecraft:iron_leggings":1,"minecraft:torch":20,"minecraft:diamond_chestplate":1}},"DataVersion":3839}