{"stats":{"minecraft:picked_up":{"minecraft:fishing_rod":1,"minecraft:crafting_table":10,"minecraft:ladder":30,"minecraft:diamond_sword":1,"minecraft:stone_brick_wall":30,"minecraft:nether_brick":11,"minecraft:brewing_stand":4,"minecraft:string":2,"minecraft:oak_trapdoor":4,"minecraft:flint_and_steel":1,"minecraft:compass":1,"minecraft:blackstone":61,"minecraft:oak_sign":9,"minecraft:diamond_leggings":1,"minecraft:gold_nugget":71,"minecraft:cobbled_deepslate":24,"minecraft:beef":5,"minecraft:red_dye":2,"minecraft:oak_boat":3,"minecraft:redstone_torch":1,"minecraft:poppy":21,"minecraft:chest":6,"minecraft:piston":2,"minecraft:egg":1,"minecraft:stick":1,"minecraft:raw_iron":20,"minecraft:composter":3,"minecraft:oak_fence":3,"minecraft:fire_charge":4,"minecraft:porkchop":6,"minecraft:redstone":149,"minecraft:cauldron":16,"minecraft:diamond_chestplate":1,"minecraft:rotten_flesh":22,"minecraft:arrow":8,"minecraft:diamond_boots":1,"minecraft:hay_block":13,"minecraft:gold_ingot":21,"minecraft:obsidian":6,"minecraft:cod":1,"minecraft:cobblestone":132,"minecraft:stripped_oak_log":2,"minecraft:water_bucket":1,"minecraft:glow_ink_sac":4,"minecraft:andesite":17,"minecraft:salmon":4,"minecraft:leather":7,"minecraft:flint":1,"minecraft:tuff":5,"minecraft:golden_boots":1,"minecraft:oak_log":34,"minecraft:nether_wart_block":1,"minecraft:yellow_bed":3,"minecraft:lapis_lazuli":16,"minecraft:dirt":67,"minecraft:paper":5,"minecraft:glass":47,"minecraft:bone":7,"minecraft:apple":4,"minecraft:stone_bricks":37,"minecraft:wheat_seeds":7,"minecraft:raw_gold":8,"minecraft:iron_ingot":33,"minecraft:diamond_helmet":1,"minecraft:oak_planks":1,"minecraft:soul_sand":28,"minecraft:stone_brick_slab":14,"minecraft:quartz":4,"minecraft:lava_bucket":1,"minecraft:gravel":75,"minecraft:white_bed":1,"minecraft:spider_eye":2,"minecraft:diamond":30,"minecraft:bread":42,"minecraft:oak_sapling":1,"minecraft:netherrack":237,"minecraft:coal":30,"minecraft:diamond_pickaxe":1},"minecraft:killed":{"minecraft:zombified_piglin":1,"minecraft:spider":5,"minecraft:skeleton":6,"minecraft:piglin":2,"minecraft:zombie_villager":1,"minecraft:iron_golem":8,"minecraft:hoglin":3,"minecraft:creeper":3,"minecraft:zombie":27,"minecraft:cow":3},"minecraft:mined":{"minecraft:nether_gold_ore":14,"minecraft:tuff":7,"minecraft:white_bed":2,"minecraft:deepslate_diamond_ore":30,"minecraft:brewing_stand":2,"minecraft:obsidian":3,"minecraft:grass_block":28,"minecraft:redstone_wire":1,"minecraft:cartography_table":1,"minecraft:composter":3,"minecraft:hay_block":13,"minecraft:oak_trapdoor":3,"minecraft:iron_ore":15,"minecraft:andesite":17,"minecraft:deepslate_lapis_ore":1,"minecraft:deepslate_iron_ore":5,"minecraft:water_cauldron":8,"minecraft:dirt_path":3,"minecraft:stripped_oak_log":2,"minecraft:stone":53,"minecraft:deepslate_redstone_ore":12,"minecraft:glass_pane":3,"minecraft:stone_brick_slab":2,"minecraft:crafting_table":8,"minecraft:short_grass":25,"minecraft:poppy":3,"minecraft:nether_quartz_ore":2,"minecraft:glass":2,"minecraft:tall_grass":8,"minecraft:cobblestone":72,"minecraft:deepslate_gold_ore":8,"minecraft:grindstone":1,"minecraft:nether_wart_block":1,"minecraft:yellow_bed":3,"minecraft:oak_log":34,"minecraft:coal_ore":33,"minecraft:gravel":13,"minecraft:dirt":22,"minecraft:stone_bricks":35,"minecraft:netherrack":257,"minecraft:piston":2,"minecraft:oak_leaves":1,"minecraft:deepslate":26},"minecraft:crafted":{"minecraft:oak_planks":144,"minecraft:oak_sign":9,"minecraft:stone_brick_wall":30,"minecraft:fishing_rod":1,"minecraft:piston":1,"minecraft:stone":105,"minecraft:oak_trapdoor":10,"minecraft:flint_and_steel":1,"minecraft:hopper":5,"minecraft:stone_brick_slab":12,"minecraft:repeater":4,"minecraft:diamond_helmet":1,"minecraft:diamond_leggings":1,"minecraft:iron_boots":1,"minecraft:ladder":30,"minecraft:chest":3,"minecraft:diamond_boots":1,"minecraft:stone_bricks":92,"minecraft:golden_boots":1,"minecraft:wheat":117,"minecraft:red_dye":3,"minecraft:diamond_sword":1,"minecraft:crafting_table":3,"minecraft:red_bed":3,"minecraft:leather_helmet":1,"minecraft:bucket":2,"minecraft:bread":39,"minecraft:air":0,"minecraft:oak_boat":1,"minecraft:iron_chestplate":1,"minecraft:diamond_pickaxe":1,"minecraft:stick":96,"minecraft:iron_ingot":20,"minecraft:iron_pickaxe":1,"minecraft:gold_ingot":12,"minecraft:redstone_torch":9,"minecraft:diamond_chestplate":1},"minecraft:custom":{"minecraft:mob_kills":59,"minecraft:inspect_hopper":1,"minecraft:interact_with_crafting_table":56,"minecraft:leave_game":12,"minecraft:time_since_death":12231,"minecraft:climb_one_cm":1253,"minecraft:sprint_one_cm":626061,"minecraft:walk_one_cm":394753,"minecraft:drop":102,"minecraft:talked_to_villager":14,"minecraft:deaths":1,"minecraft:play_time":223276,"minecraft:sneak_time":16587,"minecraft:walk_under_water_one_cm":6245,"minecraft:boat_one_cm":27741,"minecraft:jump":6221,"minecraft:walk_on_water_one_cm":16939,"minecraft:total_world_time":223276,"minecraft:interact_with_furnace":37,"minecraft:sleep_in_bed":7,"minecraft:time_since_rest":12263,"minecraft:damage_taken":3758,"minecraft:damage_dealt":17868,"minecraft:swim_one_cm":9151,"minecraft:fly_one_cm":1057410,"minecraft:open_chest":16,"minecraft:crouch_one_cm":44777,"minecraft:fish_caught":3,"minecraft:fall_one_cm":187028},"minecraft:dropped":{"minecraft:iron_ingot":5,"minecraft:bread":21,"minecraft:iron_sword":1,"minecraft:porkchop":4,"minecraft:wheat_seeds":6,"minecraft:diamond":1,"minecraft:crafting_table":2,"minecraft:oak_fence":3,"minecraft:iron_helmet":1,"minecraft:cobblestone":2,"minecraft:saddle":1,"minecraft:leather_helmet":1,"minecraft:cod":1,"minecraft:stick":7,"minecraft:dirt":3,"minecraft:nether_wart_block":1,"minecraft:map":3,"minecraft:iron_leggings":2,"minecraft:gold_nugget":1,"minecraft:red_dye":2,"minecraft:iron_pickaxe":1,"minecraft:stone_brick_slab":6,"minecraft:gold_ingot":32,"minecraft:bone":7,"minecraft:gravel":32,"minecraft:blackstone":15,"minecraft:cobbled_deepslate":2,"minecraft:nether_brick":11,"minecraft:tuff":2,"minecraft:raw_iron":19,"minecraft:rotten_flesh":22,"minecraft:oak_planks":2,"minecraft:iron_boots":1,"minecraft:salmon":2,"minecraft:filled_map":1,"minecraft:poppy":18,"minecraft:leather_chestplate":1,"minecraft:potato":7,"minecraft:iron_chestplate":2,"minecraft:andesite":10,"minecraft:leather_boots":2,"minecraft:oak_sapling":5,"minecraft:leather_leggings":1,"minecraft:arrow":8,"minecraft:beef":5,"minecraft:egg":1},"minecraft:used":{"minecraft:oak_trapdoor":12,"minecraft:flint_and_steel":1,"minecraft:redstone":3,"minecraft:chest":1,"minecraft:stone":1,"minecraft:iron_sword":119,"minecraft:netherrack":14,"minecraft:dirt":64,"minecraft:hopper":5,"minecraft:tuff":3,"minecraft:obsidian":10,"minecraft:glass":35,"minecraft:stone_brick_slab":8,"minecraft:stone_bricks":77,"minecraft:repeater":4,"minecraft:cobbled_deepslate":22,"minecraft:water_bucket":50,"minecraft:leather_leggings":1,"minecraft:oak_planks":3,"minecraft:leather_chestplate":1,"minecraft:composter":3,"minecraft:crafting_table":11,"minecraft:red_bed":3,"minecraft:piston":3,"minecraft:diamond_pickaxe":498,"minecraft:apple":12,"minecraft:bread":80,"minecraft:iron_pickaxe":131,"minecraft:map":1,"minecraft:gravel":11,"minecraft:fishing_rod":6,"minecraft:diamond_sword":198,"minecraft:cobblestone":21,"minecraft:porkchop":2,"minecraft:andesite":7,"minecraft:bucket":52,"minecraft:yellow_bed":1,"minecraft:oak_boat":2}},"DataVersion":3839}